foldername,placename,電腦編號,村里別,地址,緯度,經度,地下樓層數,可容納人數,轄管分局,備註
花蓮分局,花蓮分局,SMA03001,民權里,花蓮縣花蓮市公園路53號,,,1,80人,,
花蓮分局,花蓮分局,SMA03002,民權里,花蓮縣花蓮市菁華街2號,,,1,266人,,
花蓮分局,花蓮分局,SMA03003,民權里,花蓮縣花蓮市菁華街2號,,,1,586人,,
花蓮分局,花蓮分局,SMA03004,民權里,花蓮縣花蓮市公園路53-2號,,,1,934人,,
花蓮分局,花蓮分局,SMA03005,民權里,花蓮縣花蓮市北濱街113號,,,1,173人,,
花蓮分局,花蓮分局,SMA03006,民族里,花蓮縣花蓮市中山路124號,,,1,401人,,
花蓮分局,花蓮分局,SMA03007,民族里,花蓮縣花蓮市中山路80號,,,1,266人,,
花蓮分局,花蓮分局,SMA03008,民生里,花蓮縣花蓮市公園路5號,,,1、2,1796人,,
花蓮分局,花蓮分局,SMA03009,民生里,花蓮縣花蓮市公園路27號,,,1,285人,,
花蓮分局,花蓮分局,SMA03010,民生里,花蓮縣花蓮市中正路600號,,,1,992人,,
花蓮分局,花蓮分局,SMA03011,民生里,花蓮縣花蓮市中正路590號,,,1,480人,,
花蓮分局,花蓮分局,SMA03012,民生里,花蓮縣花蓮市花崗街56號,,,1,30人,,
花蓮分局,花蓮分局,SMA03013,國治里,花蓮縣花蓮市民國路82號,,,1,213人,,
花蓮分局,花蓮分局,SAM03014,民有里,花蓮縣花蓮市海濱街89號,,,1,132人,,
花蓮分局,花蓮分局,SMA04001,主商里,花蓮縣花蓮市光復街36號,,,1,378人,,
花蓮分局,花蓮分局,SMA04002,主計里,花蓮縣花蓮市仁愛街19號,,,1,126人,,
花蓮分局,花蓮分局,SMA04003,主計里,花蓮縣花蓮市信義街1號,,,1,116人,,
花蓮分局,花蓮分局,SMA04004,主信里,花蓮縣花蓮市中華路448號,,,1,112人,,
花蓮分局,花蓮分局,SMA04005,主信里,花蓮縣花蓮市南京街205號,,,1、2、3,1437人,,
花蓮分局,花蓮分局,SMA04006,主睦里,花蓮縣花蓮市和平路336號,,,1,668人,,
花蓮分局,花蓮分局,SMA04007,主工里,花蓮縣花蓮市仁愛街75號,,,1,304人,,
花蓮分局,花蓮分局,SMA04008,主義里,花蓮縣花蓮市仁愛街32號,,,1,772人,,
花蓮分局,花蓮分局,SMA04009,主計里,花蓮縣花蓮市福建街406號,,,1,242人,,
花蓮分局,花蓮分局,SMA05001,主力里,花蓮縣花蓮市中華路298號,,,1,233人,,
花蓮分局,花蓮分局,SMA05002,主力里,花蓮縣花蓮市中華路302號,,,1,1552人,,
花蓮分局,花蓮分局,SMA05003,主力里,花蓮縣花蓮市中華路231號,,,1,868人,,
花蓮分局,花蓮分局,SMA05004,主學里,花蓮縣花蓮市中正路210號,,,1,133人,,
花蓮分局,花蓮分局,SMA05005,主學里,花蓮縣花蓮市中正路210號,,,1,240人,,
花蓮分局,花蓮分局,SMA05006,主學里,花蓮縣花蓮市中正路210號,,,1,409人,,
花蓮分局,花蓮分局,SMA05007,主學里,花蓮縣花蓮市中正路210號,,,1,1808人,,
花蓮分局,花蓮分局,SMA05008,主學里,花蓮縣花蓮市中正路260號,,,1、2,2000人,,
花蓮分局,花蓮分局,SMA05009,主權里,花蓮縣花蓮市德安六街63號,,,1、2,2426人,,
花蓮分局,花蓮分局,SMA05010,主農里,花蓮縣花蓮市長安街26號,,,1、2,333人,,
花蓮分局,花蓮分局,SMA05011,主學里,花蓮縣花蓮市上海街81號,,,1,199人,,
花蓮分局,花蓮分局,SMA06001,國威里,花蓮縣花蓮市民國路161號,,,1,1096人,,
花蓮分局,花蓮分局,SMA06002,國威里,花蓮縣花蓮市新港街73-1號,,,1、2,921人,,
花蓮分局,花蓮分局,SMA06003,國安里,花蓮縣花蓮市中山路418號,,,1,28人,,
花蓮分局,花蓮分局,SMA06004,國安里,花蓮縣花蓮市中山路418號,,,1,314人,,
花蓮分局,花蓮分局,SMA06005,國安里,花蓮縣花蓮市中山路418號,,,1,172人,,
花蓮分局,花蓮分局,SMA06006,國安里,花蓮縣花蓮市中山路418號,,,1,32人,,
花蓮分局,花蓮分局,SMA06007,國安里,花蓮縣花蓮市中山路408號,,,1,2036人,,
花蓮分局,花蓮分局,SMA06008,國安里,花蓮縣花蓮市中山路356號,,,1,1138人,,
花蓮分局,花蓮分局,SMA06009,國安里,花蓮縣花蓮市中山路326號,,,1,146人,,
花蓮分局,花蓮分局,SMA06010,國防里,花蓮縣花蓮市明心街21-23號,,,1,1136人,,
花蓮分局,花蓮分局,SMA06011,國魂里,花蓮縣花蓮市中山路473號,,,1,626人,,
花蓮分局,花蓮分局,SMA06012,國魂里,花蓮縣花蓮市建國路161號,,,1,429人,,
花蓮分局,花蓮分局,SMA06013,國魂里,花蓮縣花蓮市建國路161號,,,1,57人,,
花蓮分局,花蓮分局,SMA06014,國魂里,花蓮縣花蓮市建國路161號,,,1,104人,,
花蓮分局,花蓮分局,SMA06015,國魂里,花蓮縣花蓮市建國路161號,,,1,209人,,
花蓮分局,花蓮分局,SMA06016,國魂里,花蓮縣花蓮市建國路161號,,,1,112人,,
花蓮分局,花蓮分局,SMA06017,國風里,花蓮縣花蓮市林政街7號,,,1,564人,,
花蓮分局,花蓮分局,SMA06018,國風里,花蓮縣花蓮市林政街7號,,,1,349人,,
花蓮分局,花蓮分局,SMA06019,國風里,花蓮縣花蓮市林政街7號,,,1,64人,,
花蓮分局,花蓮分局,SMA06020,國風里,花蓮縣花蓮市林政街7號,,,1,2132人,,
花蓮分局,花蓮分局,SMA06021,國風里,花蓮縣花蓮市明義街107號,,,1,290人,,
花蓮分局,花蓮分局,SMA06022,國風里,花蓮縣花蓮市明義街107號,,,1,146人,,
花蓮分局,花蓮分局,SMA06023,國風里,花蓮縣花蓮市明義街107號,,,1,48人,,
花蓮分局,花蓮分局,SMA06024,國風里,花蓮縣花蓮市明義街107號,,,1,858人,,
花蓮分局,花蓮分局,SMA06025,國風里,花蓮市明義街107號,,,1,730人,,
花蓮分局,花蓮分局,SMA06026,國威里,花蓮縣花蓮市林森路236號,,,1,324人,,
花蓮分局,花蓮分局,SMA06027,國威里,花蓮縣花蓮市中山路371號,,,1,448人,,
花蓮分局,花蓮分局,SMA06028,國威里,花蓮縣花蓮市三民街53號,,,1,380人,,
花蓮分局,花蓮分局,SMA06029,國威里,花蓮縣花蓮市林森路252號,,,1,549人,,
花蓮分局,花蓮分局,SMA06030,國魂里,花蓮縣花蓮市中山路547號,,,1,85人,,
花蓮分局,花蓮分局,SMA07001,國聯里,花蓮縣花蓮市商校街258號,,,1,921人,,
花蓮分局,花蓮分局,SMA07002,國聯里,花蓮縣花蓮市國聯一路100號,,,1,750人,,
花蓮分局,花蓮分局,SMA07003,國聯里,花蓮縣花蓮市國聯五路69號,,,1,1719人,,
花蓮分局,花蓮分局,SMA07004,國聯里,花蓮縣花蓮市國興二街19號,,,1、2,1733人,,
花蓮分局,花蓮分局,SMA07005,國聯里,花蓮縣花蓮市國聯五路139號,,,1,489人,,
花蓮分局,花蓮分局,SMA07006,國聯里,花蓮縣花蓮市國聯五路101號,,,1,2126人,,
花蓮分局,花蓮分局,SMA07007,國聯里,花蓮縣花蓮市國聯一路93號,,,1,255人,,
花蓮分局,花蓮分局,SMA07008,國盛里,花蓮縣花蓮市國盛二街22號,,,1,1454人,,
花蓮分局,花蓮分局,SMA07010,國聯里,花蓮縣花蓮市國聯五路223號,,,1,589人,,
花蓮分局,花蓮分局,SMA07011,國盛里,花蓮縣花蓮市國盛二街203號之1,,,1,691人,,
花蓮分局,花蓮分局,SMA07012,國聯里,花蓮縣花蓮市國聯一路170號,,,1,460人,,
花蓮分局,花蓮分局,SMA07013,國聯里,花蓮縣花蓮市國民八街8號,,,1、2,592人,,
花蓮分局,花蓮分局,SMA07014,國聯里,花蓮縣花蓮市國民八街3號,,,1、2,895人,,
花蓮分局,花蓮分局,SMA07015,國盛里,花蓮縣花蓮市國盛一街76號,,,1,239人,,
花蓮分局,花蓮分局,SMA02001,國富里,花蓮縣花蓮市富國路20號,,,1,700人,,
花蓮分局,花蓮分局,SMA02002,國富里,花蓮縣花蓮市國富17街10號,,,1,1153人,,
花蓮分局,花蓮分局,SMA02003,國富里,花蓮縣花蓮市富祥街70號,,,1,160人,,
花蓮分局,花蓮分局,SMA02004,國富里,花蓮縣花蓮市中央路三段730號,,,1,2206人,,
花蓮分局,花蓮分局,SMA02005,國富里,花蓮縣花蓮市中山路903號,,,1,1604人,,
花蓮分局,花蓮分局,SMA02006,國裕里,花蓮縣花蓮市富安路147號,,,1,1693人,,
花蓮分局,花蓮分局,SMA02007,國裕里,花蓮縣花蓮市富安路199號,,,1,693人,,
花蓮分局,花蓮分局,SMA02008,國慶里,花蓮縣花蓮市中央路3段707號,,,1、2,7488人,,
花蓮分局,花蓮分局,SMA02009,國慶里,花蓮縣花蓮市中山路一段200號,,,1,2584人,,
花蓮分局,花蓮分局,SMA02010,國慶里,花蓮縣花蓮市中央路3段703號,,,1、2,13074人,,
花蓮分局,花蓮分局,SMA02011,國慶里,花蓮縣花蓮市中央路3段701號,,,1,12478人,,
花蓮分局,花蓮分局,SMA02012,國福里,花蓮縣花蓮市福光街277巷1號,,,1,160人,,
花蓮分局,花蓮分局,SMA02013,國裕里,花蓮縣花蓮市裕祥路89號,,,1,6870人,,
花蓮分局,花蓮分局,SMA02014,國裕里,花蓮縣花蓮市富裕七街19號,,,1,165人,,
花蓮分局,花蓮分局,SMA02015,國裕里,花蓮縣花蓮市富裕七街21號,,,1,165人,,
花蓮分局,花蓮分局,SMA08001,民意里,花蓮縣花蓮市府前路27號,,,1,187人,,
花蓮分局,花蓮分局,SMA08002,民意里,花蓮縣花蓮市府前路27號,,,1,269人,,
花蓮分局,花蓮分局,SMA08003,民意里,花蓮縣花蓮市府前路27號,,,1,266人,,
花蓮分局,花蓮分局,SMA08004,民意里,花蓮縣花蓮市府前路27號,,,1,127人,,
花蓮分局,花蓮分局,SMA08005,民意里,花蓮縣花蓮市府前路27號,,,1,279人,,
花蓮分局,花蓮分局,SMA08006,民意里,花蓮縣花蓮市府前路27號,,,1,271人,,
花蓮分局,花蓮分局,SMA08007,民意里,花蓮縣花蓮市府前路29號,,,1,484人,,
花蓮分局,花蓮分局,SMA08008,民心里,花蓮縣花蓮市華西路123號,,,1,2106人,,
花蓮分局,花蓮分局,SMA08009,民心里,花蓮縣花蓮市華西路123號,,,1,109人,,
花蓮分局,花蓮分局,SMA08010,民心里,花蓮縣花蓮市府前路682號,,,1,37人,,
花蓮分局,花蓮分局,SMA08011,民享里,花蓮縣花蓮市林園1之1號,,,1、2,11298人,,
花蓮分局,花蓮分局,SMA08012,民孝里,花蓮縣花蓮市化道路40巷1號,,,1,545人,,
花蓮分局,花蓮分局,SMA08013,民孝里,花蓮縣花蓮市東興一街79巷18-22號,,,1,9194人,,
花蓮分局,花蓮分局,SMA08014,民享里,花蓮縣花蓮市北興路460號,,,1,3318人,,
花蓮分局,花蓮分局,SMA08015,民孝里,花蓮縣花蓮市東興二街147~153號,,,1,9194人,,
花蓮分局,花蓮分局,SMA09001,民德里,花蓮縣花蓮市民權路6-1號,,,1,53人,,
花蓮分局,花蓮分局,SMA09002,民立里,花蓮縣花蓮市民權路44號,,,1,1469人,,
花蓮分局,花蓮分局,SMA09003,民立里,花蓮縣花蓮市海岸路11號,,,1,1048人,,
花蓮分局,花蓮分局,SMA09004,民立里,花蓮縣花蓮市民權路42號,,,1,208人,,
花蓮分局,花蓮分局,SMA09005,民立里,花蓮縣花蓮市民權路42號,,,1,561人,,
花蓮分局,花蓮分局,SMA09006,民立里,花蓮縣花蓮市民權路123號,,,1,113人,,
花蓮分局,花蓮分局,SMA09007,民立里,花蓮縣花蓮市民權路125號,,,1,629人,,
花蓮分局,花蓮分局,SMA09008,民立里,花蓮市文復路6號,,,1,442人,,
花蓮分局,花蓮分局,SMA09009,民立里,花蓮縣花蓮市中美路142號,,,1,2311人,,
花蓮分局,花蓮分局,SMA09010,民運里,花蓮縣花蓮市民生路51號,,,1,3722人,,
花蓮分局,花蓮分局,SMA09011,民政里,花蓮縣花蓮市永興路20號,,,1,300人,,
花蓮分局,花蓮分局,SMA09012,民政里,花蓮縣花蓮市中美路115號,,,1,1081人,,
花蓮分局,花蓮分局,SMA09013,民政里,花蓮縣花蓮市永興路6-1號,,,1,1919人,,
花蓮分局,花蓮分局,SMA09014,民勤里,花蓮縣花蓮市府前路17號,,,1,310人,,
花蓮分局,花蓮分局,SMA09015,民勤里,花蓮縣花蓮市府前路17號,,,1,310人,,
花蓮分局,花蓮分局,SMA09016,民勤里,花蓮縣花蓮市府前路17號,,,1,310人,,
花蓮分局,花蓮分局,SMA09017,民勤里,花蓮縣花蓮市府前路21號,,,1,400人,,
花蓮分局,花蓮分局,SMA09018,民勤里,花蓮縣花蓮市府前路23號,,,1,264人,,
花蓮分局,花蓮分局,SMA09019,民勤里,花蓮縣花蓮市永興路21號,,,1,162人,,
花蓮分局,花蓮分局,SMA09020,民勤里,花蓮縣花蓮市中美三街50-72號,,,1,3302人,,
花蓮分局,花蓮分局,SMA09021,民勤里,花蓮縣花蓮市府前路15號,,,1,1133人,,
花蓮分局,花蓮分局,SMA09022,民勤里,花蓮縣花蓮市府前路15號,,,1,1634人,,
花蓮分局,花蓮分局,SMA09023,民政里,花蓮縣花蓮市府前路296巷15號,,,1,729人,,
花蓮分局,花蓮分局,SMA09024,民政里,花蓮縣花蓮市中興路231號,,,1,1328人,,
花蓮分局,花蓮分局,SMA09025,民政里,花蓮縣花蓮市中美十一街9號,,,1,4002人,,
花蓮分局,花蓮分局,SMA09026,民勤里,花蓮縣花蓮市永安街100號,,,1,194人,,
花蓮分局,花蓮分局,SMA09027,民勤里,花蓮縣花蓮市中美路93巷12號,,,1,5862人,,
花蓮分局,花蓮分局,SMA09028,民勤里,花蓮縣花蓮市永安街100號,,,1,117人,,
花蓮分局,花蓮分局,SMA09029,民立里,花蓮縣花蓮市中美路206號,,,1、2,1272人,,
花蓮分局,花蓮分局,SMA09030,民立里,花蓮縣花蓮市中興路81號,,,1,305人,,
花蓮分局,花蓮分局,SMA07016,國盛里,花蓮縣花蓮市國盛一街168之1號,,,1,216人,,
花蓮分局,花蓮分局,SMA07017,國聯里,花蓮縣花蓮市國聯五路5之5號,,,1,392人,,
花蓮分局,花蓮分局,SMA09031,民運里,花蓮縣花蓮市民生路31之1號,,,1,302人,,
花蓮分局,花蓮分局,SMA02016,國裕里,花蓮縣花蓮市中央路四段272號,,,1,405人,,
花蓮分局,花蓮分局,SMA05013,主學里,花蓮縣花蓮市中正路315巷26號2樓,,,1,202人,,
花蓮分局,花蓮分局,SMA05012,主學里,花蓮縣花蓮市上海街111號,,,1,123,,
花蓮分局,花蓮分局,SMA05014,主農里,花蓮縣花蓮市重慶路1號,,,1,467,,
花蓮分局,花蓮分局,SMA02017,國裕里,花蓮縣花蓮市富裕八街1號,,,1、2,856人,,
花蓮分局,花蓮分局,SMA02018,國富里,花蓮縣花蓮市富祥街109號,,,1,514人,,
花蓮分局,花蓮分局,SMA07018,國聯里,花蓮縣花蓮市國聯五路151號,,,1,1808,,
花蓮分局,花蓮分局,SMA09032,民德里,花蓮縣花蓮市民權路1號,,,1,1320,,
花蓮分局,花蓮分局,SMA09033,民政里,花蓮市順興路87號,,,1,440,,
花蓮分局,花蓮分局,SMA08016,民意里,花蓮縣花蓮市府前路95號,,,1,2706,,
花蓮分局,花蓮分局,SMA09034,民政里,花蓮縣花蓮市永興路6之1號,,,1,875,,
花蓮分局,花蓮分局,SMA07019,國盛里,花蓮縣花蓮市國盛一街66號,,,1,335,,
花蓮分局,花蓮分局,SMA06031,國華里,花蓮縣花蓮市中山路455巷25號,,,1,453,,
花蓮分局,花蓮分局,SMA02020,國裕里,花蓮縣花蓮市富裕三街48號二樓之1,,,1,298,,
花蓮分局,博愛街176-1號,SMA06032,國威里,花蓮縣花蓮市博愛街176-1號,,,1,668,,
花蓮分局,花蓮分局,SAM03015,國治里,花蓮市中正路599號,,,4,8977,,
花蓮分局,花蓮分局,SMA02019,國裕里,花蓮縣花蓮市富吉路31號,,,1,451人,,
吉安分局,吉安分局,SNA00001,東昌村,花蓮縣吉安鄉東海十五街25號,,,1.0,89人,,
吉安分局,吉安分局,SNA00002,南昌村,花蓮縣吉安鄉昌隆六街6之2號,,,1.0,428人,,
吉安分局,吉安分局,SNA00003,南昌村,花蓮縣吉安鄉文化五街46號,,,1.0,2338人,,
吉安分局,吉安分局,SNA00004,南昌村,花蓮縣吉安鄉文化五街47號,,,1.0,1612人,,
吉安分局,吉安分局,SNA00005,仁里村,花蓮縣吉安鄉中山路一段66號,,,1.0,626人,,
吉安分局,吉安分局,SNA00006,宜昌村,花蓮縣吉安鄉中華路二段93號,,,1.0,1557人,,
吉安分局,吉安分局,SNA00007,東昌村,花蓮縣吉安鄉東海三街4號,,,1.0,1468人,,
吉安分局,吉安分局,SNA00009,東昌村,花蓮縣吉安鄉東海十一街1號,,,1.0,980人,,
吉安分局,吉安分局,SNA00010,宜昌村,花蓮縣吉安鄉中華路二段183號,,,1.0,214人,,
吉安分局,吉安分局,SNA00011,南昌村,花蓮縣吉安鄉南昌北路68號,,,1.0,646人,,
吉安分局,吉安分局,SNA00012,仁里村,花蓮縣吉安鄉南埔八街52之1號,,,1.0,528人,,
吉安分局,吉安分局,SNA00013,仁里村,花蓮縣吉安鄉中山路一段222號,,,2.0,2297人,,
吉安分局,吉安分局,SNA00014,宜昌村,花蓮縣吉安鄉中山路二段116號,,,1.0,110人,,
吉安分局,吉安分局,SNA00015,宜昌村,花蓮縣吉安鄉中山路二段118號,,,1.0,120人,,
吉安分局,吉安分局,SNA00016,宜昌村,花蓮縣吉安鄉中山路二段120號,,,1.0,110人,,
吉安分局,吉安分局,SNA00017,宜昌村,花蓮縣吉安鄉中華路二段48號,,,1.0,200人,,
吉安分局,吉安分局,SNA00018,宜昌村,花蓮縣吉安鄉南山一街12號,,,1.0,180人,,
吉安分局,吉安分局,SNA00019,宜昌村,花蓮縣吉安鄉中華路二段169號,,,1.0,310人,,
吉安分局,吉安分局,SNA00020,宜昌村,花蓮縣吉安鄉宜昌七街24號,,,1.0,70人,,
吉安分局,吉安分局,SNA00021,仁里村,花蓮縣吉安鄉中正路一段48號,,,1.0,160人,,
吉安分局,吉安分局,SNA00022,仁里村,花蓮縣吉安鄉東里一街36號,,,1.0,665人,,
吉安分局,吉安分局,SNA00023,仁和村,花蓮縣吉安鄉南海八街205號,,,1.0,185人,,
吉安分局,吉安分局,SNA00024,仁安村,花蓮縣吉安鄉海濱1號,,,1.0,213人,,
吉安分局,吉安分局,SNA00025,仁安村,花蓮縣吉安鄉南海十街164號,,,1.0,92人,,
吉安分局,吉安分局,SNA00026,光華村,花蓮縣吉安鄉華工四路6號,,,1.0,2324人,,
吉安分局,吉安分局,SNA00027,光華村,花蓮縣吉安鄉南濱路一段521號,,,1.0,1412人,,
吉安分局,吉安分局,SNA00028,光華村,花蓮縣吉安鄉南濱路一段558號,,,1.0,66人,,
吉安分局,吉安分局,SNA00029,光華村,花蓮縣吉安鄉南濱路一段536號,,,1.0,26人,,
吉安分局,吉安分局,SNA00030,光華村,花蓮縣吉安鄉華工四路9號,,,1.0,49人,,
吉安分局,吉安分局,SNA00031,光華村,花蓮縣吉安鄉南濱路一段544號,,,1.0,25人,,
吉安分局,吉安分局,SNA00032,光華村,花蓮縣吉安鄉華工四路20號,,,1.0,41人,,
吉安分局,吉安分局,SNA00033,光華村,花蓮縣吉安鄉南濱路一段529號,,,1.0,38人,,
吉安分局,吉安分局,SNA00034,光華村,花蓮縣吉安鄉南濱路一段560號,,,1.0,40人,,
吉安分局,吉安分局,SNA00036,光華村,花蓮縣吉安鄉華工四路14號,,,1.0,41人,,
吉安分局,吉安分局,SNA00037,光華村,花蓮縣吉安鄉華工三路5號,,,1.0,26人,,
吉安分局,吉安分局,SNA00038,光華村,花蓮縣吉安鄉華工三路3號,,,1.0,82人,,
吉安分局,吉安分局,SNA00039,光華村,花蓮縣吉安鄉南濱路一段554號,,,1.0,152人,,
吉安分局,吉安分局,SNA00040,光華村,花蓮縣吉安鄉華南二路7號,,,1.0,62人,,
吉安分局,吉安分局,SNA00041,光華村,花蓮縣吉安鄉華工四路4號,,,1.0,237人,,
吉安分局,吉安分局,SNA00042,光華村,花蓮縣吉安鄉南濱路一段521號,,,1.0,88人,,
吉安分局,吉安分局,SNA00043,仁和村,花蓮縣吉安鄉南海四街296號,,,1.0,164人,,
吉安分局,吉安分局,SNA00044,光華村,花蓮縣吉安鄉光華街100號,,,1.0,430人,,
吉安分局,吉安分局,SNA00045,光華村,花蓮縣吉安鄉華中路12號,,,1.0,298人,,
吉安分局,吉安分局,SNA00046,光華村,花蓮縣吉安鄉南濱路一段534號,,,1.0,798人,,
吉安分局,吉安分局,SNA00047,勝安村,花蓮縣吉安鄉民治路182號,,,1.0,69人,,
吉安分局,吉安分局,SNA00048,勝安村,花蓮縣吉安鄉自強路101號,,,1.0,69人,,
吉安分局,吉安分局,SNA00049,北昌村,花蓮縣吉安鄉自立路54號,,,1.0,90人,,
吉安分局,吉安分局,SNA00050,北昌村,花蓮縣吉安鄉建國路一段189號,,,1.0,108人,,
吉安分局,吉安分局,SNA00051,勝安村,花蓮縣吉安鄉自強路282號,,,1.0,34人,,
吉安分局,吉安分局,SNA00052,勝安村,花蓮縣吉安鄉自強路284號,,,1.0,34人,,
吉安分局,吉安分局,SNA00053,勝安村,花蓮縣吉安鄉自強路286號,,,1.0,34人,,
吉安分局,吉安分局,SNA00054,勝安村,花蓮縣吉安鄉自強路288號,,,1.0,34人,,
吉安分局,吉安分局,SNA00055,北昌村,花蓮縣吉安鄉建國路一段117號,,,1.0,54人,,
吉安分局,吉安分局,SNA00056,勝安村,花蓮縣吉安鄉自強路298號,,,1.0,32人,,
吉安分局,吉安分局,SNA00057,勝安村,花蓮縣吉安鄉民治路357號,,,1.0,62人,,
吉安分局,吉安分局,SNA00058,勝安村,花蓮縣吉安鄉自強路218號,,,1.0,30人,,
吉安分局,吉安分局,SNA00059,勝安村,花蓮縣吉安鄉自強路214號,,,1.0,69人,,
吉安分局,吉安分局,SNA00060,勝安村,花蓮縣吉安鄉自強路226號,,,1.0,29人,,
吉安分局,吉安分局,SNA00061,勝安村,花蓮縣吉安鄉自強路224號,,,1.0,30人,,
吉安分局,吉安分局,SNA00062,勝安村,花蓮縣吉安鄉自強路210號,,,1.0,38人,,
吉安分局,吉安分局,SNA00063,勝安村,花蓮縣吉安鄉自強路208號,,,1.0,38人,,
吉安分局,吉安分局,SNA00064,勝安村,花蓮縣吉安鄉自強路206號,,,1.0,38人,,
吉安分局,吉安分局,SNA00065,北昌村,花蓮縣吉安鄉中央路三段424號,,,1.0,176人,,
吉安分局,吉安分局,SNA00066,北昌村,花蓮縣吉安鄉建國路一段39號,,,1.0,21人,,
吉安分局,吉安分局,SNA00067,北昌村,花蓮縣吉安鄉建國路一段43號,,,1.0,21人,,
吉安分局,吉安分局,SNA00068,北昌村,花蓮縣吉安鄉建國路一段41號,,,1.0,21人,,
吉安分局,吉安分局,SNA00069,北昌村,花蓮縣吉安鄉建國路一段37號,,,1.0,24人,,
吉安分局,吉安分局,SNA00070,北昌村,花蓮縣吉安鄉建國路一段45號,,,1.0,21人,,
吉安分局,吉安分局,SNA00071,北昌村,花蓮縣吉安鄉建國路一段51號,,,1.0,21人,,
吉安分局,吉安分局,SNA00072,北昌村,花蓮縣吉安鄉建國路一段49號,,,1.0,21人,,
吉安分局,吉安分局,SNA00073,北昌村,花蓮縣吉安鄉建國路一段47號,,,1.0,21人,,
吉安分局,吉安分局,SNA00074,北昌村,花蓮縣吉安鄉建國路一段191號,,,1.0,60人,,
吉安分局,吉安分局,SNA00075,北昌村,花蓮縣吉安鄉建國路一段1號,,,1.0,190人,,
吉安分局,吉安分局,SNA00076,北昌村,花蓮縣吉安鄉建國路一段3號,,,1.0,191人,,
吉安分局,吉安分局,SNA00077,北昌村,花蓮縣吉安鄉建國路一段5號,,,1.0,90人,,
吉安分局,吉安分局,SNA00078,北昌村,花蓮縣吉安鄉建國路一段15號,,,1.0,58人,,
吉安分局,吉安分局,SNA00079,北昌村,花蓮縣吉安鄉建國路一段13號,,,1.0,192人,,
吉安分局,吉安分局,SNA00080,北昌村,花蓮縣吉安鄉建國路一段7號,,,1.0,56人,,
吉安分局,吉安分局,SNA00081,北昌村,花蓮縣吉安鄉建國路一段9號,,,1.0,56人,,
吉安分局,吉安分局,SNA00082,北昌村,花蓮縣吉安鄉建國路一段225號,,,1.0,49人,,
吉安分局,吉安分局,SNA00083,勝安村,花蓮縣吉安鄉自強路248號,,,1.0,84人,,
吉安分局,吉安分局,SNA00084,勝安村,花蓮縣吉安鄉中原路一段268號,,,1.0,34人,,
吉安分局,吉安分局,SNA00085,勝安村,花蓮縣吉安鄉中央路三段238號,,,1.0,62人,,
吉安分局,吉安分局,SNA00086,勝安村,花蓮縣吉安鄉中央路三段250號,,,1.0,62人,,
吉安分局,吉安分局,SNA00087,勝安村,花蓮縣吉安鄉中央路三段256號,,,1.0,62人,,
吉安分局,吉安分局,SNA00090,勝安村,花蓮縣吉安鄉自強路300巷40號,,,1.0,34人,,
吉安分局,吉安分局,SNA00091,北昌村,花蓮縣吉安鄉建國路一段197號,,,1.0,53人,,
吉安分局,吉安分局,SNA00092,勝安村,花蓮縣吉安鄉自強路133號,,,1.0,36人,,
吉安分局,吉安分局,SNA00093,勝安村,花蓮縣吉安鄉和平路一段1號,,,1.0,65人,,
吉安分局,吉安分局,SNA00094,勝安村,花蓮縣吉安鄉自強路131號,,,1.0,62人,,
吉安分局,吉安分局,SNA00095,勝安村,花蓮縣吉安鄉自強路356號,,,1.0,44人,,
吉安分局,吉安分局,SNA00096,勝安村,花蓮縣吉安鄉自強路135號,,,1.0,36人,,
吉安分局,吉安分局,SNA00097,勝安村,花蓮縣吉安鄉自強路137號,,,1.0,36人,,
吉安分局,吉安分局,SNA00098,勝安村,花蓮縣吉安鄉自強路300巷30號,,,1.0,46人,,
吉安分局,吉安分局,SNA00099,勝安村,花蓮縣吉安鄉民治路267號,,,1.0,17人,,
吉安分局,吉安分局,SNA00100,勝安村,花蓮縣吉安鄉民治路290號,,,1.0,41人,,
吉安分局,吉安分局,SNA00101,北昌村,花蓮縣吉安鄉建國路一段60號,,,1.0,352人,,
吉安分局,吉安分局,SNA00102,勝安村,花蓮縣吉安鄉慈惠二街122號,,,1.0,586人,,
吉安分局,吉安分局,SNA00103,勝安村,花蓮縣吉安鄉中央路三段308號,,,1.0,40人,,
吉安分局,吉安分局,SNA00104,北昌村,花蓮縣吉安鄉中央路三段609號,,,1.0,86人,,
吉安分局,吉安分局,SNA00105,北昌村,花蓮縣吉安鄉北昌五街52號,,,1.0,568人,,
吉安分局,吉安分局,SNA00106,北昌村,花蓮縣吉安鄉自立路34巷8號,,,1.0,21人,,
吉安分局,吉安分局,SNA00107,北昌村,花蓮縣吉安鄉北昌三街54巷10號,,,1.0,926人,,
吉安分局,吉安分局,SNA00108,永安村,花蓮縣吉安鄉吉安路一段35號,,,1.0,225人,,
吉安分局,吉安分局,SNA00109,太昌村,花蓮縣吉安鄉建國路二段880號,,,1.0,2293人,,
吉安分局,吉安分局,SNA00110,太昌村,花蓮縣吉安鄉建國路二段882號,,,1.0,1272人,,
吉安分局,吉安分局,SNA00111,國興里,花蓮市介仁街67號,,,1.0,1968人,,
吉安分局,吉安分局,SNA00112,太昌村,花蓮縣吉安鄉建國路二段880號,,,1.0,2150人,,
吉安分局,吉安分局,SNA00113,國興里,花蓮市介仁街178號,,,1.0,4752人,,
吉安分局,吉安分局,SNA00114,吉安村,花蓮縣吉安鄉中興路121號,,,1.0,36人,,
吉安分局,吉安分局,SNA00115,吉安村,花蓮縣吉安鄉吉安路二段90號,,,1.0,818人,,
吉安分局,吉安分局,SNA00116,吉安村,花蓮縣吉安鄉吉興四街101號,,,1.0,338人,,
吉安分局,吉安分局,SNA00117,稻香村,花蓮縣吉安鄉香源路65號,,,1.0,128人,,
吉安分局,吉安分局,SNA00118,永興村,花蓮縣吉安鄉吉豐路三段495號,,,1.0,46人,,
吉安分局,吉安分局,SNA00119,永興村,花蓮縣吉安鄉吉豐路三段495號,,,1.0,125人,,
吉安分局,吉安分局,SNA00120,永興村,花蓮縣吉安鄉吉豐路三段495號,,,1.0,125人,,
吉安分局,吉安分局,SNA00121,永興村,花蓮縣吉安鄉吉豐路三段495號,,,1.0,125人,,
吉安分局,吉安分局,SNA00122,稻香村,花蓮縣吉安鄉香源路20號,,,1.0,316人,,
吉安分局,吉安分局,SNA00123,稻香村,花蓮縣吉安鄉吉興路一段231號,,,1.0,92人,,
吉安分局,吉安分局,SNA00124,志學村,花蓮縣壽豐鄉中山路二段202號,,,1.0,169人,,
吉安分局,吉安分局,SNA00125,志學村,花蓮縣壽豐鄉志學新邨68號,,,1.0,2548人,,
吉安分局,吉安分局,SNA00126,平和村,花蓮縣壽豐鄉吳全129號,,,1.0,1064人,,
吉安分局,吉安分局,SNA00127,平和村,花蓮縣壽豐鄉吳全129之1號,,,1.0,1633人,,
吉安分局,吉安分局,SNA00128,平和村,花蓮縣壽豐鄉吳全131號,,,1.0,1326人,,
吉安分局,吉安分局,SNA00129,壽豐村,花蓮縣壽豐鄉公園路42號,,,1.0,266人,,
吉安分局,吉安分局,SNA00130,壽豐村,花蓮縣壽豐鄉壽興街21號,,,1.0,333人,,
吉安分局,吉安分局,SNA00131,壽豐村,花蓮縣壽豐鄉壽山路17號,,,1.0,419人,,
吉安分局,吉安分局,SNA00132,東昌村,花蓮縣吉安鄉東海六街76號,,,1.0,130人,,
吉安分局,吉安分局,SNA00133,宜昌村,花蓮縣吉安鄉宜昌一街41號,,,1.0,2102人,,
吉安分局,吉安分局,SNA00134,宜昌村,花蓮縣吉安鄉宜昌一街43巷15號,,,1.0,453人,,
吉安分局,吉安分局,SNA00135,宜昌村,花蓮縣吉安鄉宜昌一街45號,,,1.0,94人,,
吉安分局,吉安分局,SNA00136,東昌村,花蓮縣吉安鄉東海十街3號,,,1.0,350人,,
吉安分局,吉安分局,SNA00137,東昌村,花蓮縣吉安鄉東里十一街83號,,,1.0,693人,,
吉安分局,吉安分局,SNA00138,南昌村,花蓮縣吉安鄉南昌街200號,,,1.0,213人,,
吉安分局,吉安分局,SNA00139,仁里村,花蓮縣吉安鄉仁里三街11之1號,,,1.0,206人,,
吉安分局,吉安分局,SNA00142,宜昌村,花蓮縣吉安鄉中山路二段2號,,,1.0,420人,,
吉安分局,吉安分局,SNA00143,仁里村,花蓮縣吉安鄉中正路一段151號,,,1.0,2377人,,
吉安分局,吉安分局,SNA00144,仁和村,花蓮縣吉安鄉中正路二段152號,,,1.0,280人,,
吉安分局,吉安分局,SNA00145,北昌村,花蓮縣吉安鄉自強路533號,,,1.0,994人,,
吉安分局,吉安分局,SNA00146,太昌村,花蓮縣吉安鄉明義五街1號,,,1.0,836人,,
吉安分局,吉安分局,SNA00148,福興村,花蓮縣吉安鄉吉安路三段90號,,,1.0,130人,,
吉安分局,吉安分局,SNA00149,吉安村,花蓮縣吉安鄉吉安路二段150號,,,1.0,256人,,
吉安分局,吉安分局,SNA00150,吉安村,花蓮縣吉安鄉吉安路二段97號,,,1.0,2604人,,
吉安分局,吉安分局,SNA00151,慶豐村,花蓮縣吉安鄉中山路三段622號,,,1.0,1025人,,
吉安分局,吉安分局,SNA00152,干城村,花蓮縣吉安鄉吉安路六段60號,,,1.0,158人,,
吉安分局,吉安分局,SNA00153,干城村,花蓮縣吉安鄉吉安路六段700號,,,1.0,46人,,
吉安分局,吉安分局,SNA00154,干城村,花蓮縣吉安鄉吉安路六段700號,,,1.0,156人,,
吉安分局,吉安分局,SNA00155,干城村,花蓮縣吉安鄉吉安路六段700號,,,1.0,220人,,
吉安分局,吉安分局,SNA00156,干城村,花蓮縣吉安鄉吉安路六段700號,,,1.0,1400人,,
吉安分局,吉安分局,SNA00157,南華村,花蓮縣吉安鄉南華四街123號,,,1.0,130人,,
吉安分局,吉安分局,SNA00158,志學村,花蓮縣壽豐鄉大學路二段1號,,,1.0,1304人,,
吉安分局,吉安分局,SNA00159,志學村,花蓮縣壽豐鄉仰山莊1號,,,1.0,4017人,,
吉安分局,吉安分局,SNA00160,志學村,花蓮縣壽豐鄉大學路二段1號,,,1.0,1672人,,
吉安分局,吉安分局,SNA00161,平和村,花蓮縣壽豐鄉平和路48號,,,1.0,377人,,
吉安分局,吉安分局,SNA00162,壽豐村,花蓮縣壽豐鄉壽山路62號,,,1.0,162人,,
吉安分局,吉安分局,SNA00164,水璉村,花蓮縣壽豐鄉水璉路6號,,,1.0,908人,,
吉安分局,吉安分局,SNA00165,宜昌村,花蓮縣吉安鄉宜昌一街2-3號,,,1.0,950人,,
吉安分局,吉安分局,SNA00166,宜昌村,花蓮縣吉安鄉中華路二段11號,,,1.0,6168人,,
吉安分局,吉安分局,SNA00167,南昌村,花蓮縣吉安鄉南昌北路34號,,,1.0,200人,,
吉安分局,吉安分局,SNA00168,宜昌村,花蓮縣吉安鄉宜昌六街11號,,,1.0,396人,,
吉安分局,吉安分局,SNA00169,宜昌村,花蓮縣吉安鄉宜昌一街2-2號,,,1.0,950人,,
吉安分局,吉安分局,SNA00170,東昌村,花蓮縣吉安鄉東海一街100號,,,1.0,2153人,,
吉安分局,吉安分局,SNA00171,勝安村,花蓮縣吉安鄉自強路25號,,,1.0,200人,,
吉安分局,吉安分局,SNA00172,勝安村,花蓮縣吉安鄉慈惠三街114號,,,1.0,186人,,
吉安分局,吉安分局,SNA00173,勝安村,花蓮縣吉安鄉慈惠三街136號,,,1.0,326人,,
吉安分局,吉安分局,SNA00174,勝安村,花蓮縣吉安鄉慈惠三街118號,,,1.0,208人,,
吉安分局,吉安分局,SNA00175,鹽寮村,花蓮縣壽豐鄉山嶺路18號,,,1.0,13857人,,
吉安分局,吉安分局,SNA00008,南昌村,花蓮縣吉安鄉南昌路78號,,,1.0,1645人,,
吉安分局,吉安分局,SNA00163,壽豐村,花蓮縣壽豐鄉公園路30號,,,1.0,267人,,
吉安分局,吉安分局,SNA00147,吉安村,花蓮縣吉安鄉中山路三段３號,,,1.0,１５８人,,
新城分局,新城分局,SOA00001,嘉新村,花蓮縣新城鄉嘉南一街1號,,,1.0,310人,,
新城分局,新城分局,SOA00002,嘉新村,花蓮縣新城鄉嘉南路28巷2號,,,1.0,869人,,
新城分局,新城分局,SOA00003,嘉新村,花蓮縣新城鄉嘉南路28巷2號,,,1.0,144人,,
新城分局,新城分局,SOA00004,嘉新村,花蓮縣新城鄉嘉新36號,,,1.0,133人,,
新城分局,新城分局,SOA00005,嘉里村,花蓮縣新城鄉嘉里71號,,,1.0,173人,,
新城分局,新城分局,SOA00006,嘉里村,花蓮縣新城鄉嘉里二路121巷1號,,,1.0,420人,,
新城分局,新城分局,SOA00008,佳林村,花蓮縣新城鄉佳林103號,,,1.0,160人,,
新城分局,新城分局,SOA00049,嘉里村,花蓮縣新城鄉嘉里路15號,,,1.0,5172人,,
新城分局,新城分局,SOA00058,嘉里村,花蓮縣新城鄉機場巷1號,,,1.0,26266人,,
新城分局,新城分局,"SOA00009  ",北埔村,花蓮縣新城鄉民族路60號,,,1.0,61人,,
新城分局,新城分局,"SOA00010  ",北埔村,花蓮縣新城鄉民族路62號,,,1.0,68人,,
新城分局,新城分局,"SOA00011 ",北埔村,花蓮縣新城鄉北埔路11號,,,1.0,693人,,
新城分局,新城分局,"SOA00012  ",北埔村,花蓮縣新城鄉北埔路183號,,,1.0,246人,,
新城分局,新城分局,"SOA00013   ",北埔村,花蓮縣新城鄉北埔路143號,,,1.0,142人,,
新城分局,新城分局,"SOA00014  ",北埔村,花蓮縣新城鄉北埔路143號,,,1.0,68人,,
新城分局,新城分局,"SOA00015  ",北埔村,花蓮縣新城鄉民族路68號,,,1.0,114人,,
新城分局,新城分局,"SOA00016 ",北埔村,花蓮縣新城鄉北埔路145號,,,1.0,176人,,
新城分局,新城分局,"SOA00017    ",北埔村,花蓮縣新城鄉北埔路143號,,,1.0,410人,,
新城分局,新城分局,"SOA00019  ",北埔村,花蓮縣新城鄉北埔138號,,,1.0,152人,,
新城分局,新城分局,"SOA00020  ",北埔村,花蓮縣新城鄉北埔140號,,,1.0,196人,,
新城分局,新城分局,"SOA00022   ",北埔村,花蓮縣新城鄉北埔路146號,,,1.0,186人,,
新城分局,新城分局,"SOA00023   ",北埔村,花蓮縣新城鄉樹人街1號,,,1.0,2900人,,
新城分局,新城分局,"SOA00024     ",北埔村,花蓮縣新城鄉樹人街2號,,,1.0,253人,,
新城分局,新城分局,"SOA00025 ",北埔村,花蓮縣新城鄉光復路570號,,,1.0,268人,,
新城分局,新城分局,"SOA00046    ",北埔村,花蓮縣新城鄉樹人街1號,,,1.0,2900人,,
新城分局,新城分局,"SOA00052  ",大漢村,花蓮縣新城鄉民權街68號,,,1.0,3902人,,
新城分局,新城分局,"SOA00048   ",北埔村,花蓮縣新城鄉樹人街1號,,,1.0,69人,,
新城分局,新城分局,SOA00027,康樂村,花蓮縣新城鄉大漢街100號,,,1.0,34人,,
新城分局,新城分局,SOA00034,康樂村,花蓮縣新城鄉大漢街259號,,,1.0,70人,,
新城分局,新城分局,SOA00059,康樂村,花蓮縣新城鄉精舍街88巷1號,,,1.0,985人,,
新城分局,新城分局,SOA00045,康樂村,花蓮縣新城鄉大漢街257號,,,1.0,17人,,
新城分局,新城分局,SOA00029,康樂村,花蓮縣新城鄉大漢街257號,,,1.0,89人,,
新城分局,新城分局,SOA00026,康樂村,花蓮縣新城鄉加灣1之2號,,,1.0,112人,,
新城分局,新城分局,SOA00050,康樂村,花蓮縣新城鄉加灣1之2號,,,1.0,320人,,
新城分局,新城分局,SOA00035,景美村,花蓮縣秀林鄉加灣6之1號,,,1.0,53人,,
新城分局,新城分局,SOA00037,新城村,花蓮縣新城鄉中山路56號,,,1.0,402人,,
新城分局,新城分局,SOA00038,新城村,花蓮縣新城鄉中山路59號,,,1.0,45人,,
新城分局,新城分局,SOA00039,新城村,花蓮縣新城鄉博愛路60之1號,,,1.0,289人,,
新城分局,新城分局,SOA00040,新城村,花蓮縣新城鄉新興路125號,,,1.0,290人,,
新城分局,新城分局,SOA00041,新城村,花蓮縣新城鄉新興路125號,,,1.0,380人,,
新城分局,新城分局,SOA00051,新城村,花蓮縣新城鄉博愛路31號,,,1.0,700人,,
新城分局,新城分局,SOA00056,新城村,花蓮縣新城鄉博愛路31號,,,1.0,794人,,
新城分局,新城分局,SOA00042,富世村,花蓮縣秀林鄉290號,,,1.0,490人,,
新城分局,新城分局,SOA00060,富世村,花蓮縣秀林鄉村民樂39號,,,1.0,80人,,
新城分局,新城分局,SOA00053,和平村,花蓮縣秀林鄉和平路263號,,,1.0,90人,,
新城分局,新城分局,SOA00054,和平村,花蓮縣秀林鄉和平路263號,,,1.0,170人,,
新城分局,新城分局,SOA00055,和平村,花蓮縣秀林鄉和平路363之5號,,,1.0,153人,,
新城分局,新城分局,SOA00057,和平村,花蓮縣秀林鄉和平路279之20號,,,1.0,176人,,
新城分局,新城分局,SOA00043,富世村,花蓮縣秀林鄉天祥路30號,,,1.0,490人,,
新城分局,新城分局,SOA00047,富世村,花蓮縣秀林鄉天祥路30號,,,1.0,376人,,
新城分局,新城分局,SOA00044,富世村,花蓮縣秀林鄉天祥路21號,,,1.0,162人,,
新城分局,新城分局,SOA00017,富世村,花蓮縣秀林鄉洛韶22號,,,1.0,66人,,
新城分局,新城分局,SOA00061,富世村,花蓮縣秀林鄉天祥路10號,,,1.0,175,,
新城分局,新城分局,SOA00062,富世村,花蓮縣秀林鄉天祥路18號,,,3.0,6804,,
鳳林分局,鳳林分局,SQA00001,鳳禮里,花蓮縣鳳林鎮中華路164號,,,1.0,189人,,
鳳林分局,鳳林分局,SQA00002,鳳智里,花蓮縣鳳林鎮中山路43號,,,1.0,100人,,
鳳林分局,鳳林分局,SQA00003,鳳智里,花蓮縣鳳林鎮中華路42號,,,1.0,50人,,
鳳林分局,鳳林分局,SQA00004,鳳智里,花蓮縣鳳林鎮信義路37號,,,1.0,266人,,
鳳林分局,鳳林分局,SQA00005,鳳智里,花蓮縣鳳林鎮大同街19號,,,1.0,100人,,
鳳林分局,鳳林分局,SQA00006,鳳智里,975花蓮縣鳳林鎮中美路58號,,,1.0,120人,,
鳳林分局,鳳林分局,SQA00007,鳳信里,花蓮縣鳳林鎮中正路一段2號,,,1.0,266人,,
鳳林分局,鳳林分局,SQA00009,鳳智里,花蓮縣鳳林鎮信義路117號,,,1.0,200人,,
鳳林分局,鳳林分局,SQA00048,鳳禮里,花蓮縣鳳林鎮中正路2段148號,,,1.0,289人,,
鳳林分局,鳳林分局,SQA00047,鳳禮里,花蓮縣鳳林鎮中華路140號,,,1.0,133人,,
鳳林分局,鳳林分局,SQA00049,鳳禮里,花蓮縣鳳林鎮成功街165號,,,1.0,13人,,
鳳林分局,鳳林分局,SQA00050,鳳禮里,花蓮縣鳳林鎮中正路二段172號,,,1.0,80人,,
鳳林分局,鳳林分局,SQA00051,鳳禮里,花蓮縣鳳林鎮信義路200號,,,1.0,80人,,
鳳林分局,鳳林分局,SQA00010,林榮里,花蓮縣鳳林鎮林榮路338號,,,1.0,200人,,
鳳林分局,鳳林分局,SQA00045,萬榮村,花蓮縣萬榮鄉萬榮23號,,,1.0,50人,,
鳳林分局,鳳林分局,SQA00016,大安村,花蓮縣光復鄉中正路一段132號,,,1.0,13人,,
鳳林分局,鳳林分局,SQA00017,大進村,花蓮縣光復鄉糖廠街12號,,,1.0,172人,,
鳳林分局,鳳林分局,SQA00018,大進村,花蓮縣光復鄉糖廠街12號,,,1.0,320人,,
鳳林分局,鳳林分局,SQA00024,大華村,花蓮縣光復鄉中山路二段322號,,,1.0,66人,,
鳳林分局,鳳林分局,SQA00025,大華村,花蓮縣光復鄉中華路193號,,,1.0,50人,,
鳳林分局,鳳林分局,SQA00026,大安村,花蓮縣光復鄉中正路一段124號,,,1.0,30人,,
鳳林分局,鳳林分局,SQA00028,大馬村,花蓮縣光復鄉林森路200號,,,1.0,133人,,
鳳林分局,鳳林分局,SQA00029,大華村,花蓮縣光復鄉中正路一段127號,,,1.0,66人,,
鳳林分局,鳳林分局,SQA00030,大華村,花蓮縣光復鄉中正路一段131號,,,1.0,40人,,
鳳林分局,鳳林分局,SQA00031,大同村,花蓮縣光復鄉中正路一段293號,,,1.0,22人,,
鳳林分局,鳳林分局,SQA00032,大華村,花蓮縣光復鄉中華路360號,,,1.0,30人,,
鳳林分局,鳳林分局,SQA00034,大華村,花蓮縣光復鄉糖廠街19號,,,1.0,130人,,
鳳林分局,鳳林分局,SQA00035,大安村,花蓮縣光復鄉中山路三段41號,,,1.0,13人,,
鳳林分局,鳳林分局,SQA00053,大同村,花蓮縣光復鄉林森路100號,,,1.0,692人,,
鳳林分局,鳳林分局,SQA00036,瑞穗村,花蓮縣瑞穗鄉中山路一段28號,,,1.0,20人,,
鳳林分局,鳳林分局,SQA00037,瑞穗村,花蓮縣瑞穗鄉中正北路一段13號,,,1.0,20人,,
鳳林分局,鳳林分局,SQA00038,瑞穗村,花蓮縣瑞穗鄉中正北路90號,,,1.0,20人,,
鳳林分局,鳳林分局,SQA00039,瑞穗村,花蓮縣瑞穗鄉民生街63巷42號,,,1.0,26人,,
鳳林分局,鳳林分局,SQA00040,瑞良村,花蓮縣瑞穗鄉中山路三段215號,,,1.0,300人,,
鳳林分局,鳳林分局,SQA00041,瑞美村,花蓮縣瑞穗鄉中山路二段377號,,,1.0,100人,,
鳳林分局,鳳林分局,SQA00042,瑞穗村,花蓮縣瑞穗鄉成功南路23號,,,1.0,30人,,
鳳林分局,鳳林分局,SQA00043,豐濱村,花蓮縣豐濱鄉三民路30號,,,1.0,26人,,
鳳林分局,鳳林分局,SQA00044,豐濱村,花蓮縣豐濱鄉光豐路41號,,,1.0,250人,,
鳳林分局,鳳林分局,SQA00046,紅葉村,花蓮縣萬榮鄉紅葉23號,,,1.0,13人,,
鳳林分局,鳳林分局,SQA00052,瑞穗村,花蓮縣瑞穗鄉四維街13號,,,1.0,100人,,
玉里分局,玉里分局,SPA00001,中城里,花蓮縣玉里鎮大同路228號,,,1.0,160人,,
玉里分局,玉里分局,SPA00002,中城里,花蓮縣玉里鎮大同路228號,,,1.0,85人,,
玉里分局,玉里分局,SPA00003,中城里,花蓮縣玉里鎮和平路51號,,,1.0,270人,,
玉里分局,玉里分局,SPA00004,中城里,花蓮縣玉里鎮光復路104號,,,1.0,354人,,
玉里分局,玉里分局,SPA00005,中城里,花蓮縣玉里鎮大同路214號,,,1.0,92人,,
玉里分局,玉里分局,SPA00006,泰昌里,花蓮縣玉里鎮新興街91號,,,1.0,1514人,,
玉里分局,玉里分局,SPA00007,泰昌里,花蓮縣玉里鎮新興街95號,,,1.0,512人,,
玉里分局,玉里分局,SPA00008,泰昌里,花蓮縣玉里鎮新興街91號,,,1.0,750人,,
玉里分局,玉里分局,SPA00009,泰昌里,花蓮縣玉里鎮新興街91號,,,1.0,290人,,
玉里分局,玉里分局,SPA00010,泰昌里,花蓮縣玉里鎮新興街91號,,,1.0,1100人,,
玉里分局,玉里分局,SPA00011,泰昌里,花蓮縣玉里鎮博愛路200號,,,1.0,240人,,
玉里分局,玉里分局,SPA00012,泰昌里,花蓮縣玉里鎮新興街91號,,,1.0,670人,,
玉里分局,玉里分局,SPA00013,泰昌里,花蓮縣玉里鎮新興街91號,,,1.0,130人,,
玉里分局,玉里分局,SPA00014,泰昌里,花蓮縣玉里鎮新興街91號,,,1.0,430人,,
玉里分局,玉里分局,SPA00015,泰昌里,花蓮縣玉里鎮新興街91號,,,1.0,2390人,,
玉里分局,玉里分局,SPA00016,泰昌里,花蓮縣玉里鎮新興街91號,,,1.0,500人,,
玉里分局,玉里分局,SPA00017,泰昌里,花蓮縣玉里鎮中山路二段137號,,,1.0,400人,,
玉里分局,玉里分局,SPA00018,泰昌里,花蓮縣玉里鎮博愛路37之1號,,,1.0,75人,,
玉里分局,玉里分局,SPA00019,泰昌里,花蓮縣玉里鎮中正路122號,,,1.0,482人,,
玉里分局,玉里分局,SPA00020,泰昌里,花蓮縣玉里鎮中山路二段135號,,,1.0,550人,,
玉里分局,玉里分局,SPA00021,國武里,花蓮縣玉里鎮光復路52號,,,1.0,200人,,
玉里分局,玉里分局,SPA00022,中城里,花蓮縣玉里鎮仁愛路一段78號,,,1.0,443人,,
玉里分局,玉里分局,SPA00023,國武里,花蓮縣玉里鎮中山路二段51號,,,1.0,120人,,
玉里分局,玉里分局,SPA00024,國武里,花蓮縣玉里鎮民權街1之1號,,,1.0,2299人,,
玉里分局,玉里分局,SPA00025,國武里,花蓮縣玉里鎮中正路91號,,,1.0,160人,,
玉里分局,玉里分局,SPA00026,國武里,花蓮縣玉里鎮中山路二段49號,,,1.0,100人,,
玉里分局,玉里分局,SPA00027,永昌里,花蓮縣玉里鎮民國路二段63號,,,1.0,640人,,
玉里分局,玉里分局,SPA00028,永昌里,花蓮縣玉里鎮莊敬路18號,,,1.0,265人,,
玉里分局,玉里分局,SPA00029,永昌里,花蓮縣玉里鎮中華路354號,,,1.0,130人,,
玉里分局,玉里分局,SPA00030,永昌里,花蓮縣玉里鎮中華路424號,,,1.0,134人,,
玉里分局,玉里分局,SPA00031,永昌里,花蓮縣玉里鎮中華路424號,,,1.0,160人,,
玉里分局,玉里分局,SPA00032,永昌里,花蓮縣玉里鎮中華路424號,,,1.0,176人,,
玉里分局,玉里分局,SPA00033,永昌里,花蓮縣玉里鎮中華路424號,,,1.0,425人,,
玉里分局,玉里分局,SPA00034,永昌里,花蓮縣玉里鎮中華路424號,,,1.0,186人,,
玉里分局,玉里分局,SPA00035,中城里,花蓮縣玉里鎮忠智路72號,,,1.0,330人,,
玉里分局,玉里分局,SPA00036,中城里,花蓮縣玉里鎮中山路一段96號,,,1.0,358人,,
玉里分局,玉里分局,SPA00037,長良里,花蓮縣玉里鎮忠義33號,,,1.0,750人,,
玉里分局,玉里分局,SPA00038,樂合里,花蓮縣玉里鎮溫泉36號,,,1.0,96人,,
玉里分局,玉里分局,SPA00039,松浦里,花蓮縣玉里鎮松浦39號,,,1.0,440人,,
玉里分局,玉里分局,SPA00040,富里村,花蓮縣富里鄉中山路169號,,,1.0,125人,,
玉里分局,玉里分局,SPA00041,富里村,花蓮縣富里鄉和平街22號,,,1.0,180人,,
玉里分局,玉里分局,SPA00042,富里村,花蓮縣富里鄉中山路37號,,,1.0,294人,,
玉里分局,玉里分局,SPA00043,富里村,花蓮縣富里鄉車站街56號,,,1.0,100人,,
玉里分局,玉里分局,SPA00044,富里村,花蓮縣富里鄉中山路376號,,,1.0,357人,,
玉里分局,玉里分局,SPA00045,富里村,花蓮縣富里鄉永安街173號,,,1.0,435人,,
玉里分局,玉里分局,SPA00046,富里村,花蓮縣富里鄉中山路308號,,,1.0,740人,,
玉里分局,玉里分局,SPA00047,富里村,花蓮縣富里鄉永安街123之2號,,,1.0,125人,,
玉里分局,玉里分局,SPA00048,萬寧村,花蓮縣富里鄉鎮寧141號,,,1.0,250人,,
玉里分局,玉里分局,SPA00049,萬寧村,花蓮縣富里鄉鎮寧141號,,,1.0,950人,,
署屬機關,一般建築,A0001,民孝里,花蓮市民孝里港口路15號,23.99795255,121.6348614,1,290.0,花蓮港務警察總隊保安警察隊,
署屬機關,一般建築,A0002,民德里,花蓮市民德里海岸路66號,23.98065719,121.6200116,1,2903.0,花蓮港務警察總隊保安警察隊,
署屬機關,一般建築,A0003,民孝里,花蓮港區第12號碼頭,24.0057702,121.6372858,1,170.0,花蓮港務警察總隊東堤中隊,
署屬機關,一般建築,20,瑞穗村,花蓮縣瑞穗村009鄰四維街13號,23.49749,121.37714,1,100.0,鐵路警察局花蓮分局,瑞穗車站
署屬機關,一般建築,21,鳳智里,花蓮縣鳳林鎮鳳智里019鄰中山路43號,23.74645,121.44701,1,170.0,鐵路警察局花蓮分局,鳳林車站
署屬機關,一般建築,22,國聯里,花蓮縣花蓮市國聯里035鄰國聯一路100號,23.99341,121.60127,1,750.0,鐵路警察局花蓮分局,花蓮車站
署屬機關,交通部民用航空局,12,嘉里村,花蓮縣新城鄉嘉里村機場巷1號B1(航站地下停車場),24.02569807,121.6139004,地下1層,26266.0,航空警察局臺北分局,
